{"cameraMode":{"drawMode":0,"name":"Shaded","section":"Shading Mode"},"sceneLighting":true,"audioPlay":false,"sceneViewState":{"showFog":false,"showMaterialUpdate":false,"showSkybox":false,"showFlares":false,"showImageEffects":false,"showParticleSystems":true},"in2DMode":false,"pivot":{"x":5.719271183013916,"y":-33.20468521118164,"z":-7.06474494934082},"rotation":{"x":-0.0317394845187664,"y":0.77857506275177,"z":-0.6255051493644714,"w":-0.039507146924734119},"size":56.06642150878906,"orthographic":false}